lon,lat,iron_oxide,ferrous,clay,ndvi,elevation,slope,curvature,twi,dist_um,label
121.53693754425176,-4.26439248524378,1.9383117,1.1164356,1.2109106,0.02788519,94,6.6637416,7.0,13.277183825889455,0.0,1
121.64204043249376,-4.204564687321421,1.7690583,0.87614495,1.5256588,0.52181816,99,9.24046,14.0,17.04463628279973,0.0,1
121.53532057674036,-4.2622365285618935,1.5289457,1.1219685,1.2639614,0.0555242,72,14.784135,18.0,10.38284895785226,0.0,1
121.64509470445977,-4.201869741469062,2.0454547,1.4794576,1.2309991,0.06409166,123,3.3465478,-13.0,13.276251003145536,0.0,1
121.63395559493668,-4.217141101299093,2.8550298,1.8343639,1.1821805,0.07963757,252,4.142885,-10.0,11.675868120799151,0.0,1
121.5973043313446,-4.213008850992144,2.0910723,1.3825737,1.2200309,0.10261842,174,18.068556,1.0,10.17089613452315,0.0,1
121.64186076943692,-4.2047443503782445,2.180328,1.3619632,1.2461908,0.1768953,104,10.259485,5.0,14.672068486913824,0.0,1
121.63862683441413,-4.199893447843999,2.1085017,1.3552561,1.3037177,0.113721624,102,19.946497,-5.0,10.757539665933226,0.0,1
121.6423997586074,-4.203307045923653,2.454133,1.4766229,1.2283156,0.09958393,108,15.526736,-15.0,10.331552713350096,0.0,1
121.64473537834613,-4.204924013435068,1.7892288,1.2568045,1.3188845,0.07430338,162,11.042984,-42.0,11.377881527931818,0.0,1
121.63862683441413,-4.20546300260554,2.0515842,1.3658937,1.2292145,0.040463503,142,7.6045327,-16.0,11.06437958582276,0.0,1
121.63988447581188,-4.214446155446735,2.5874126,1.5330254,1.1247035,0.07845578,196,11.657478,-14.0,10.629128140164632,0.0,1
121.58724320016246,-4.228100547765352,2.9537954,1.5892286,1.0551515,0.100728445,23,5.562589,-4.0,11.379779673794983,433.24857375479723,1
121.6303623338002,-4.197917154218936,1.5137705,1.2883095,1.3286313,0.006669552,212,12.698883,-9.0,10.54095110850415,0.0,1
121.64222009555058,-4.200791763128119,1.9391772,1.4278922,1.3707889,0.34153378,90,9.91249,3.0,13.097766409147347,0.0,1
121.59604668994685,-4.209595252912489,2.0244253,1.3285198,1.2411468,0.08238361,160,7.217094,-2.0,11.11725477990272,0.0,1
121.63215896436844,-4.216781775185446,2.8362653,1.592897,1.1770718,0.12135822,226,17.113167,-17.0,10.921933391596308,0.0,1
121.63826750830046,-4.20546300260554,1.9979357,1.4724231,1.2452952,0.041497454,143,6.7225933,-16.0,11.188942548318012,0.0,1
121.64347773694836,-4.200612100071295,2.480469,1.232492,1.3209927,0.34946853,112,7.6223874,-16.0,13.00792001265068,0.0,1
121.53064933726294,-4.244809212049975,2.4537697,1.3194903,1.1077654,0.10249739,32,0.92996037,3.0,15.11740530719714,0.0,1
121.64437605223247,-4.2047443503782445,1.7816993,1.3494276,1.2795784,0.050091475,146,24.144012,-39.0,10.546358754406002,0.0,1
121.63503357327762,-4.216422449071798,2.783657,1.6502721,1.1619359,0.08829659,249,8.489461,-22.0,10.952825535243033,0.0,1
121.64671167197118,-4.194144230025634,2.4496753,1.6458141,1.2247548,0.086746015,80,6.482073,-4.0,13.933763487682208,112.40595864527155,1
121.61059939754958,-4.228998863049472,2.4876542,1.6141642,1.254059,0.12372254,165,14.108879,11.0,10.43168313442949,224.33035109294468,1
121.58742286321927,-4.228459873878999,2.1295547,1.4604316,1.1431253,0.027726442,26,6.482355,-13.0,11.22562869716744,432.6885475377872,1
121.6190435612203,-4.274094290312271,2.0656934,1.2262495,1.2673501,0.073080875,187,9.616734,-26.0,10.825976427516132,380.8260410567313,1
121.53585956591084,-4.244988875106799,2.490247,1.3769401,1.0860441,0.081534795,30,9.078957,-4.0,10.884592351275495,0.0,1
121.64293874777788,-4.204205361207772,2.2467043,1.3830462,1.2450918,0.0873972,115,10.280294,-5.0,11.451128995304268,0.0,1
121.6348539102208,-4.215524133787678,1.9648972,1.3637396,1.2812945,0.07028561,235,5.847177,4.0,11.329568640035577,0.0,1
121.63215896436844,-4.186957707752677,3.596107,2.0841935,1.1463999,0.109370306,52,3.3430731,2.0,13.500454020449022,69.16658454720354,1
121.63575222550492,-4.2094155898556656,1.927954,1.333192,1.194455,0.08062299,178,5.5624566,15.0,11.379827579679116,0.0,1
121.62838604017514,-4.183723772729848,3.7376726,1.8667103,1.0893699,0.094817296,43,2.625009,2.0,12.13326436843685,263.1227358663224,1
121.5319069786607,-4.24642617956139,1.9304763,1.1900897,1.1469741,0.071886435,46,5.8472004,-1.0,11.329525506239744,0.0,1
121.64365740000515,-4.195401871423401,1.7456896,1.0645585,1.3079724,0.30412373,89,8.255949,17.0,10.981145354466785,0.0,1
121.64024380192552,-4.209595252912489,1.5421053,1.4233698,1.2681452,0.018117059,164,19.719133,30.0,10.07681437258806,0.0,1
121.64132178026648,-4.19809681727576,2.7022898,1.4136014,1.2657986,0.3072407,72,4.1495247,2.0,15.00648638094233,0.0,1
121.6445557152893,-4.194683219196105,1.975827,1.3828421,1.2443461,0.06361171,105,5.2390814,-2.0,11.440095425446374,0.0,1
121.59802298357192,-4.2094155898556656,2.2778716,1.3990322,1.2210022,0.06951874,159,0.92991805,13.0,13.171587071735992,0.0,1
121.53729687036542,-4.264931474414253,1.7873353,1.1885107,1.2143829,0.036883608,92,5.8601108,15.0,12.42589398025864,0.0,1
121.63718952995951,-4.206900307060131,2.548632,1.7254629,1.1026627,0.12587963,157,4.7308006,0.0,11.542648775633095,0.0,1
121.5363985550813,-4.24552786427727,2.2049305,1.1417223,1.1685921,0.2513733,22,1.3132461,-1.0,15.716661773242675,0.0,1
121.64886762865306,-4.1934255777983385,2.9018734,1.7839999,1.255233,0.102991864,69,3.8280985,-5.0,14.750908175418802,307.14127059442455,1
121.63970481275504,-4.214805481560383,2.1933904,1.5932798,1.1565344,0.053354464,197,8.689366,8.0,10.92920026861744,0.0,1
121.634674247164,-4.214805481560383,3.1068919,1.6562619,1.0967985,0.08643506,234,3.3465858,-3.0,12.583076519754064,0.0,1
121.5371172073086,-4.264572148300604,1.7431328,1.1684893,1.2885216,0.025119392,96,4.631976,-13.0,12.256928747826343,0.0,1
121.63862683441413,-4.207978285401074,1.9766188,0.9697648,1.3377961,0.4182107,146,3.9341383,0.0,14.212656491015636,0.0,1
121.646891335028,-4.19396456696881,2.2734256,1.7316368,1.2395804,0.077594265,78,1.8593094,6.0,15.186526755396326,139.8321966842141,1
121.64186076943692,-4.192167936400571,2.5595238,1.4362296,1.179669,0.1036331,57,12.278815,-15.0,10.5756858652835,0.0,1
121.63269795353892,-4.219476721037805,1.6188747,0.83931094,1.5295935,0.59756374,205,10.137571,10.0,11.46539066005451,0.0,1
121.59856197274236,-4.209235926798842,2.0107527,1.4807856,1.2465851,0.06478746,158,7.9347568,16.0,11.021341664496385,0.0,1
121.63539289939128,-4.220734362435572,2.0609555,1.4860433,1.2085699,0.067809224,271,5.547545,1.0,11.382514531664633,0.0,1
121.64707099808484,-4.195940860593873,2.494,1.7312068,1.1912509,0.09022374,88,7.6223445,1.0,11.062024861887329,0.0,1
121.63916582358458,-4.203666372037301,1.7351778,1.2677668,1.351526,0.059789427,138,7.0310135,-15.0,11.143655320276125,0.0,1
121.61796558287936,-4.275172268653215,2.4414415,1.4562353,1.1200936,0.096331954,140,14.153428,25.0,12.73092800935672,450.41766900286336,1
121.63772851912998,-4.217500427412741,3.26091,1.6783525,1.1694568,0.0746937,236,2.077528,7.0,13.060535100465138,0.0,1
121.6332369427094,-4.185700066354911,2.4937966,1.453756,1.2034508,0.067934126,49,3.8190794,-10.0,11.757553860766862,251.74188484236186,1
121.6409624541528,-4.199534121730351,2.8629215,1.7758113,1.1477598,0.10784312,73,0.92990613,8.0,19.52770091454865,0.0,1
121.63952514969824,-4.201151089241766,2.0290167,1.4283663,1.2739792,0.08629936,105,12.3040085,-19.0,11.672173379490344,0.0,1
121.64347773694836,-4.193245914741515,1.7446655,1.3459989,1.2223771,0.038565006,89,11.723726,-42.0,11.316473490911362,0.0,1
121.6445557152893,-4.190550968889156,2.6654835,1.8232028,1.132391,0.090661444,54,2.7802885,8.0,13.867456680733278,299.8876893497605,1
121.61059939754958,-4.229537852219943,3.1204188,1.8239796,1.1389536,0.09969787,174,14.225754,35.0,10.42308738225744,273.6088638477319,1
121.64275908472104,-4.193784903911986,2.4864588,1.5282656,1.2139171,0.078583576,69,11.169225,7.0,11.77170420283898,0.0,1
121.6416811063801,-4.1925272625142185,2.8501072,1.5615752,1.1791314,0.22300057,46,11.730428,13.0,10.622740000533112,0.0,1
121.5987416357992,-4.209056263742018,2.4735065,1.4771515,1.2091645,0.08962656,158,7.9347568,-18.0,11.021341664496385,0.0,1
121.64042346498236,-4.205283339548716,1.8488283,1.355623,1.2519298,0.036628626,130,13.562066,8.0,11.16596696410053,0.0,1
121.53693754425176,-4.2652908005279,1.7783364,1.1960583,1.1975334,0.028939605,90,4.993967,-1.0,12.181324461066618,0.0,1
121.63754885607317,-4.2169614382422695,3.2042253,1.6740186,1.0732466,0.10937117,235,11.197339,-15.0,13.614921946590584,0.0,1
121.63683020384586,-4.21929705798098,2.9294605,1.7158916,1.1159567,0.09833971,249,13.85647,28.0,11.143631544442211,0.0,1
121.63647087773222,-4.210493568196609,1.9542109,1.4501522,1.1733373,0.047429286,177,2.9375522,-5.0,12.020560925946173,0.0,1
121.6355725624481,-4.2160631229581504,2.7084353,1.5631721,1.1366937,0.08061001,240,6.5302835,-1.0,11.218214037951306,0.0,1
121.7106717202005,-4.318471065347776,1.0466666,0.45451277,2.2531195,0.85999334,566,5.239501,11.0,11.43985713083858,0.0,1
121.59676534217414,-4.213008850992144,1.996859,1.3875221,1.1920154,0.100221165,146,22.229168,35.0,9.945590643304127,0.0,1
121.63449458410716,-4.213188514048968,1.590049,1.3267746,1.2317336,0.06644725,225,13.712887,-25.0,10.46132132815435,0.0,1
121.63593188856174,-4.210493568196609,1.9385554,1.4501196,1.1944146,0.05358368,182,5.927408,-15.0,12.414461705484534,0.0,1
121.70725812212083,-4.322423652597902,0.9756945,0.4688381,2.2924962,0.8382268,503,6.2010264,5.0,12.656537533386746,222.26925996333762,1
121.63844717135729,-4.202588393696358,1.8318211,1.3201637,1.3268471,0.058304176,134,8.49795,4.0,10.95182936125101,0.0,1
121.64437605223247,-4.200073110900823,2.6696832,2.1033492,1.180451,0.14103729,116,2.0741444,-4.0,15.364772738107686,0.0,1
121.63647087773222,-4.216781775185446,3.1115043,1.8235565,1.1377115,0.10180102,242,1.8593637,-9.0,12.47842133319254,0.0,1
121.70869542657545,-4.316494771722713,2.6585364,1.1105348,1.5026315,0.4045072,568,0.9300474,0.0,13.171311076763637,5.067391256820912,1
121.62676907266372,-4.184622088013967,3.4989712,1.9292929,1.1115172,0.11177856,51,0.92740995,-2.0,13.17431846263968,163.99979427317317,1
121.62012153956124,-4.270501029175793,3.1123967,1.4942967,1.1289499,0.113882355,209,2.7802885,0.0,12.075597943492031,410.8582718797353,1
121.63539289939128,-4.212110535708025,2.184347,1.505424,1.1778549,0.091349386,200,11.730604,-27.0,11.31584636808644,0.0,1
121.60107725553792,-4.227920884708528,2.3978658,1.5225675,1.2138327,0.06785187,255,12.895186,-21.0,11.218197604366797,0.0,1
121.64599301974388,-4.1963001867075205,2.4699454,1.7126168,1.174303,0.0840932,100,4.719084,-7.0,12.238299147159404,0.0,1
121.59856197274236,-4.211212220423905,3.1371157,2.0739393,1.1580372,0.10849852,170,7.6224837,-14.0,11.061987915974685,0.0,1
121.64132178026648,-4.195401871423401,3.3383458,1.7593516,1.1542867,0.12672101,60,5.8596387,7.0,17.813589724641787,0.0,1
121.6310809860275,-4.197737491162112,1.608871,1.3130991,1.2968447,0.009802705,200,16.310097,-9.0,10.279712328319658,0.0,1
121.64491504140294,-4.18983231666186,2.9144144,1.9078879,1.1145976,0.08731837,54,2.9312108,1.0,13.81450933739211,387.36260867844976,1
121.63898616052776,-4.204205361207772,2.0685008,1.3127134,1.2691262,0.12979351,131,5.623987,5.0,15.280783113539902,0.0,1
121.64186076943692,-4.201690078412238,2.3424273,1.315664,1.3455837,0.33838186,89,8.509872,-9.0,17.256665635430878,0.0,1
121.64024380192552,-4.195401871423401,3.1807628,1.7016029,1.1320754,0.11836361,73,8.699371,-6.0,10.928057338987754,0.0,1
121.53442226145624,-4.244809212049975,2.3027167,1.365209,1.1097655,0.07795908,38,0.0,-1.0,16.65164578945429,0.0,1
121.64437605223247,-4.190011979718684,3.1229699,1.8683755,1.1071855,0.12654123,54,3.3465123,5.0,11.889983558388868,335.51208436583414,1
121.64024380192552,-4.2027680567531815,1.7835467,1.3225137,1.2669532,0.04529872,118,14.368743,6.0,10.41269255466775,0.0,1
121.6483286394826,-4.194323893082458,2.3737588,1.9466667,1.3139495,0.07630744,75,4.631826,-2.0,12.662513712866623,191.50047399479718,1
121.64725066114164,-4.191628947230099,2.6540804,1.7173996,1.266724,0.08213989,72,2.9312115,-6.0,12.022749041109227,379.79288888595045,1
121.643837063062,-4.197917154218936,2.0004551,1.2424822,1.3680383,0.13381945,109,9.264404,-20.0,10.86408168960806,0.0,1
121.63359626882304,-4.215883459901327,2.693904,1.5659752,1.1481594,0.07421439,235,4.1496005,2.0,12.36739177038093,0.0,1
121.64293874777788,-4.205642665662364,1.7548544,0.7849259,1.5507787,0.6286594,110,7.3788605,16.0,17.110992928666278,0.0,1
121.6317996382548,-4.218758068810509,2.057762,1.1714932,1.3204749,0.21721214,208,12.911448,18.0,11.216906300076069,0.0,1
121.60431119056074,-4.230436167504062,2.1786757,1.5905869,1.252248,0.06312153,263,4.9839673,-18.0,11.490235848556836,353.87574296514777,1
121.58688387404882,-4.227022569424408,2.9527185,2.0213373,1.1300199,0.0591337,18,7.83162,-16.0,14.170066460077978,437.8643065054489,1
121.63988447581188,-4.207079970116955,2.4774537,1.7078432,1.1224227,0.12052729,128,0.92740995,12.0,17.04548957792063,0.0,1
121.6483286394826,-4.192886588627866,3.399015,1.9017642,1.1212766,0.09290097,70,4.639731,12.0,14.506626951123852,325.58598947641605,1
121.64437605223247,-4.20133075229859,2.5798814,2.0089927,1.148783,0.12096778,115,2.074145,4.0,14.160796325949274,0.0,1
121.64473537834613,-4.199713784787175,2.940707,2.096171,1.1651542,0.13281775,116,2.9375155,4.0,14.585534846268295,0.0,1
121.6334166057662,-4.214086829333088,2.94,1.6558112,1.1069533,0.14415461,229,2.6250606,-8.0,12.133205723648691,0.0,1
121.5333442831153,-4.248402473186453,2.1702943,1.3146608,1.1850097,0.1482412,71,15.788154,13.0,11.41254927827362,0.0,1
121.70312587181388,-4.319010054518247,2.996552,1.182803,1.3532146,0.2591645,553,8.511091,22.0,11.643259667637826,0.0,1
121.634674247164,-4.18659838163903,2.6306198,1.5263581,1.1972854,0.06881721,53,3.8190796,-3.0,13.366988935901784,167.55045048025366,1
121.63880649747092,-4.20043243701447,2.1679316,1.4347416,1.2387234,0.074149124,99,18.398348,16.0,11.250154432207587,0.0,1
121.59676534217414,-4.211032557367081,2.1280487,1.4502773,1.1909533,0.050893575,143,9.616026,24.0,12.435570998981293,0.0,1
121.63269795353892,-4.219476721037805,1.6188747,0.83931094,1.5295935,0.59756374,205,10.137571,10.0,11.46539066005451,0.0,1
121.7106717202005,-4.315776119495417,2.9151757,1.5510349,1.2615827,0.12475127,562,5.2394924,-12.0,12.133008799417178,199.7037764210355,1
121.59766365745826,-4.208337611514723,1.8275862,1.3806391,1.1967413,0.054509453,181,6.4821897,-29.0,11.225680004749291,0.0,1
121.64024380192552,-4.203307045923653,1.7696513,1.2763295,1.2657703,0.052689373,125,10.28483,-11.0,10.75753142332811,0.0,1
121.6235351376409,-4.184801751070791,3.192153,1.8948654,1.1505344,0.12625639,42,6.4819956,-11.0,11.918885675549893,267.04403715966015,1
121.61041973449277,-4.230256504447238,2.3505154,1.6253037,1.2273005,0.06557376,173,14.225757,18.0,10.423086298668355,350.52931583839444,1
121.640782791096,-4.196479849764344,3.094235,1.5270643,1.172043,0.25593176,63,9.264385,15.0,17.323969662292832,0.0,1
121.64347773694836,-4.195940860593873,2.0850515,1.3395605,1.3494465,0.2557498,90,12.698857,-9.0,11.234103989651691,0.0,1
121.62946401851607,-4.184262761900319,3.8810658,1.8241146,1.0710281,0.104008794,41,3.8280563,0.0,11.7552008320539,203.7274428126264,1
121.59658567911733,-4.212649524878496,2.2241557,1.4153622,1.3016404,0.116666645,145,21.300573,-35.0,9.99266204488256,0.0,1
121.618324908993,-4.274992605596391,2.0643613,1.3820884,1.2266574,0.08669781,154,13.882241,-1.0,12.751068572759504,419.89015865436903,1
121.63844717135729,-4.20546300260554,2.1296473,1.4949893,1.2229545,0.06497855,143,6.7225933,-18.0,11.188942548318012,0.0,1
121.6445557152893,-4.193605240855162,1.6810995,1.3175085,1.2371612,0.036818277,93,10.459241,-8.0,10.74035471101092,30.057506547590396,1
121.6416811063801,-4.193245914741515,2.7551022,1.3795478,1.2224342,0.26480597,46,8.509788,6.0,11.643575070188916,0.0,1
121.70150890430249,-4.316674434779537,3.2678437,1.7475014,1.2575655,0.08846472,549,5.3962197,13.0,11.410217647588448,0.0,1
121.64257942166424,-4.197737491162112,3.164179,1.8984629,1.1699196,0.11735624,84,8.5013685,10.0,12.0500383609149,0.0,1
121.63305727965256,-4.195042545309754,2.179141,1.2814646,1.2923077,0.19236016,139,23.489626,-53.0,9.884143016196743,0.0,1
121.71103104631412,-4.317572750063656,0.9300699,0.44677547,2.3875432,0.8710928,562,2.7802885,1.0,12.07553839980533,102.11954939786447,1
121.5973043313446,-4.213008850992144,2.0910723,1.3825737,1.2200309,0.10261842,174,18.068556,1.0,10.17089613452315,0.0,1
121.63377593187984,-4.186059392468558,2.3979487,1.4215688,1.1888994,0.062925845,50,1.3131957,-1.0,12.826407021953534,245.76573153535998,1
121.6452743675166,-4.202588393696358,2.7559729,1.7939489,1.2680678,0.085503936,120,3.7047918,21.0,13.397438289241869,0.0,1
121.63898616052776,-4.210852894310257,2.01769,1.5190344,1.1673207,0.052528687,166,9.774989,-24.0,13.944909595094972,0.0,1
121.63862683441413,-4.200612100071295,2.337092,1.4362141,1.2106045,0.12885742,109,19.203201,12.0,10.79863877953398,0.0,1
121.53496125062672,-4.261338213277774,3.4513676,0.5322471,1.2365931,-0.21314101,60,4.1497955,14.0,13.976724881716224,0.0,1
121.63126064908433,-4.21929705798098,2.1633594,1.3558933,1.189428,0.09384364,198,13.661086,-43.0,11.158394648371464,0.0,1
121.64114211720964,-4.203307045923653,2.167059,1.3984551,1.2464143,0.05860304,106,14.558269,-8.0,10.399013653756551,0.0,1
121.53819518564954,-4.263853496073309,1.6220702,1.1269964,1.249676,0.014925404,110,7.8934517,-12.0,11.026558565968992,0.0,1
121.63359626882304,-4.215164807674031,2.9220693,1.5374845,1.103291,0.11913928,233,3.7148128,-9.0,12.478424400582098,0.0,1
121.53388327228576,-4.24409055982268,2.1492386,1.2450465,1.125777,0.077559896,38,6.670666,-11.0,12.295330598001096,0.0,1
121.63772851912998,-4.210134242082962,2.2245417,1.4890214,1.1376733,0.0873232,172,9.240461,9.0,11.965312155661875,0.0,1
121.63880649747092,-4.210134242082962,1.9926152,1.3326713,1.2063103,0.0938364,172,2.9375503,-11.0,12.020562887297896,0.0,1
121.63826750830046,-4.217141101299093,3.3031788,1.9404131,1.1544402,0.112934954,236,5.6239896,-15.0,11.368745322537396,0.0,1
121.63880649747092,-4.200612100071295,2.0617504,1.3936367,1.2326572,0.07614213,99,18.398348,54.0,11.250154432207587,0.0,1
121.646891335028,-4.195401871423401,2.7938259,2.0386379,1.2108611,0.015540047,88,7.45054,14.0,11.08508873319702,5.20811958676812,1
121.63000300768655,-4.183903435786672,3.6712565,1.7463303,1.0791953,0.10939459,40,2.9312086,-4.0,13.814517717500516,243.99298124499663,1
121.64437605223247,-4.1963001867075205,1.6422716,1.3450829,1.3333334,0.005671738,116,8.242853,-25.0,10.982753251901102,0.0,1
121.64904729170988,-4.191988273343747,3.6830263,2.003903,1.1575651,0.12296081,68,5.638162,10.0,11.366244529917404,452.11889297272035,1
121.7085157635186,-4.317393087006832,1.9469386,0.75017136,1.792059,0.6061649,573,3.343248,5.0,11.890799820037834,0.0,1
121.707078459064,-4.318111739234128,1.0926517,0.4771868,2.3312807,0.84126246,584,10.755172,-25.0,10.711646657679424,0.0,1
121.6431184108347,-4.199893447843999,2.0512304,1.3689489,1.3004764,0.11878301,105,9.078524,17.0,14.142792656724074,0.0,1
121.6348539102208,-4.2201953732651,1.9692136,1.4637729,1.1779785,0.06597465,267,10.285042,12.0,10.757489086967178,0.0,1
121.63521323633444,-4.219117394924156,2.2902656,1.4543316,1.1947585,0.07006828,257,15.792539,-32.0,10.313682766578614,0.0,1
121.6025145599925,-4.229178526106296,2.4802005,1.5393238,1.1722021,0.07140848,274,8.256232,-17.0,10.981067307725857,119.1653806616536,1
121.6423997586074,-4.197378165048464,2.5794156,1.6616182,1.1710675,0.10552987,81,10.392009,-26.0,11.8455543282847,0.0,1
121.70348519792752,-4.3159557825522405,3.1808174,1.6345924,1.3893207,0.10841783,563,14.360627,16.0,11.511748363918112,0.0,1
121.64437605223247,-4.203486708980477,2.631847,1.6461855,1.2089643,0.07993768,128,10.697964,18.0,10.71725382238127,0.0,1
121.6332369427094,-4.214266492389911,3.3132744,1.7705055,1.0798362,0.120197415,229,2.6250606,-6.0,12.133205723648691,0.0,1
121.53621889202448,-4.265650126641548,2.2035995,1.4529724,1.1874547,0.07002138,92,7.604567,-3.0,11.064299091428644,0.0,1
121.63683020384586,-4.204924013435068,1.5120192,0.9765175,1.5252595,0.5641026,141,4.142872,-1.0,15.172392760349288,0.0,1
121.64401672611882,-4.188574675264093,1.9156626,1.7572615,1.2891933,-0.07173808,41,6.663542,17.0,11.89101487213922,438.5056027927078,1
121.64293874777788,-4.190371305832332,2.331882,1.5051658,1.1641666,0.06742769,51,6.5386124,0.0,13.162868445166028,207.82544068016128,1
121.63539289939128,-4.208157948457899,2.0887575,1.5808355,1.1208166,0.14297277,180,6.54708,-9.0,11.215632843453148,0.0,1
121.64329807389151,-4.1925272625142185,2.2942874,1.4115777,1.1327208,0.08513576,72,7.4359484,-2.0,11.78022050625225,41.342676044282854,1
121.63916582358458,-4.210673231253433,1.7473375,1.4037867,1.1835804,0.042077705,165,10.392094,-17.0,13.882409097478304,0.0,1
121.59586702689002,-4.209954579026137,2.3800278,1.455208,1.2013447,0.15238331,155,9.0624695,7.0,10.886485711490955,0.0,1
121.61796558287936,-4.197917154218936,0.8864469,0.4033309,2.3987942,0.8689945,83,4.730749,-10.0,12.23581672341784,0.0,0
121.61958255039076,-4.2103139051397855,1.0405798,0.54326624,2.2455919,0.80280143,91,10.259488,4.0,10.760044283299464,0.0,0
121.63611155161855,-4.234568417811012,0.95187163,0.5216524,2.1617472,0.81583035,251,12.428521,-17.0,12.354892202178211,0.0,0
121.6190435612203,-4.22756155859488,1.2025316,0.56381154,2.242134,0.82142854,58,6.200873,27.0,14.103599727185951,0.0,0
121.67905102219947,-4.308050608051989,1.1910112,0.5034538,2.146093,0.7975167,459,11.731473,-24.0,10.622501203234735,0.0,0
121.68102731582456,-4.303379368574568,1.3490012,0.6683417,2.0640154,0.6945184,408,11.490206,-26.0,16.721501275410294,0.0,0
121.61203670200416,-4.213008850992144,0.9712747,0.49130085,2.3897514,0.8410226,49,8.501464,-16.0,12.74315361973598,0.0,0
121.59371107020812,-4.231154819731358,1.1635884,0.5650239,2.0176573,0.7461505,107,14.548048,15.0,11.498323795612452,352.6791662082129,0
121.62443345292502,-4.2245072866288735,0.9863481,0.46881342,2.3660321,0.8452891,129,20.264532,30.0,10.047166570130896,0.0,0
121.63521323633444,-4.244449885936327,1.0229708,0.5507953,2.284108,0.78451616,225,2.077586,-10.0,15.3630571927849,0.0,0
121.61958255039076,-4.226842906367584,1.0976491,0.5813135,2.1617873,0.77659184,64,9.594767,15.0,18.23929964955425,0.0,0
121.6334166057662,-4.251277082095635,1.0115607,0.49712145,2.2693825,0.8169456,245,9.265024,5.0,10.86394608707434,0.0,0
121.61580962619747,-4.198635806446231,1.1385542,0.5855978,2.0475059,0.77242625,65,4.730752,0.0,11.54266959077634,0.0,0
121.64743032419848,-4.244629548993151,0.96529967,0.5718232,2.2747252,0.82828283,328,11.657701,2.0,11.322217050357745,0.0,0
121.62299614847042,-4.22432762357205,0.99844,0.48746178,2.3562455,0.82172704,118,17.684862,-28.0,10.193806233927694,0.0,0
121.53891383787683,-4.272297659744032,1.0961833,0.5436629,2.147651,0.782556,79,20.69853,-28.0,11.122608841494417,0.0,0
121.61329434340192,-4.221632677719692,0.9953917,0.53244483,2.282993,0.813552,109,7.604542,-9.0,11.757505023143423,0.0,0
121.68911215338164,-4.301043748835857,1.064695,0.47936326,2.406648,0.8499023,559,11.575163,7.0,10.636301882392717,0.0,0
121.67294247826749,-4.308589597222461,1.0827587,0.5438001,2.266067,0.8233971,359,18.50074,-25.0,10.838600874467788,0.0,0
121.62407412681137,-4.223429308287931,1.1713917,0.56312513,2.2124145,0.7671619,93,21.005852,62.0,10.701079780457286,0.0,0
121.68839350115432,-4.305894651370102,1.0,0.5114135,2.237516,0.81682837,494,17.206318,-16.0,10.916053543088507,0.0,0
121.61419265868604,-4.219836047151452,1.03,0.5581537,2.3354511,0.8284286,79,3.714834,10.0,13.731174618164388,0.0,0
121.62461311598184,-4.214805481560383,1.0141243,0.48615915,2.2814615,0.8123857,153,26.56324,-37.0,9.744007664332475,0.0,0
121.63808784524365,-4.241036287856673,1.0200617,0.49411163,2.2903483,0.79723924,230,13.909528,15.0,11.1396295394919,0.0,0
121.68785451198386,-4.300325096608561,1.0897833,0.5058305,2.3073285,0.8328188,519,10.484211,26.0,11.83639354274936,0.0,0
121.63700986690267,-4.2329514502995975,0.9752907,0.53844994,2.2233312,0.8159122,287,16.924564,32.0,11.33914070198546,0.0,0
121.59227376575352,-4.228459873878999,1.2220796,0.7049065,2.0054646,0.7149274,30,4.635419,6.0,15.93252801757118,138.4011597047131,0
121.6761764132903,-4.306433640540574,1.1214204,0.52846783,2.2185628,0.7915247,410,15.090427,44.0,11.747620322718276,0.0,0
121.54807665377486,-4.275531594766862,0.96845424,0.5391331,2.2728426,0.8308074,37,19.139013,32.0,10.802156595576708,0.0,0
121.64222009555058,-4.248761799300101,0.96650714,0.4903263,2.3518004,0.8390866,331,1.313249,-6.0,12.826285918085553,0.0,0
121.62030120261808,-4.221992003833339,1.0215827,0.530373,2.2828746,0.81671506,78,6.663629,-34.0,11.197813293229764,0.0,0
121.6287453662888,-4.239419320345258,1.8492064,0.95080304,1.5870377,0.40222347,170,11.324477,-6.0,12.450631018943318,0.0,0
121.7024072195866,-4.306433640540574,0.98310816,0.5053619,2.2917933,0.82229006,532,14.781111,-36.0,10.383006741697882,0.0,0
121.6167079414816,-4.2189377318673325,1.0628467,0.51983166,2.2984967,0.8296801,93,6.7226024,0.0,11.188924364744915,0.0,0
121.61275535423148,-4.200971426184943,0.851632,0.46046388,2.3833563,0.8593482,36,4.7190847,-6.0,12.93144306596091,0.0,0
121.6828239463928,-4.305175999142807,1.1278195,0.5190749,2.324263,0.81606376,421,9.220719,21.0,16.84000879240077,0.0,0
121.6341352579935,-4.242832918424912,1.1370481,0.49623138,2.067933,0.7662539,211,16.61026,-6.0,10.95352296592928,0.0,0
121.62694873572056,-4.218219079640037,0.99090904,0.5172312,2.268734,0.824288,139,6.737961,-17.0,12.285235827166384,0.0,0
121.64796931336896,-4.244988875106799,0.9223602,0.5129093,2.323823,0.8289663,336,8.311584,-26.0,10.97427114215287,0.0,0
121.6107790606064,-4.187317033866326,1.6059028,1.131054,0.92111367,0.06471183,31,8.242834,-5.0,14.620351784926513,236.31820065760442,0
121.62012153956124,-4.22522593885617,1.0973836,0.56639487,2.111835,0.8019153,69,6.663638,10.0,12.296418856966424,0.0,0
121.6167079414816,-4.215883459901327,0.9795918,0.5317507,2.3363752,0.8425369,42,4.631871,6.0,11.56386494636311,0.0,0
121.54807665377486,-4.274812942539567,1.1305733,0.5742366,2.2441702,0.778402,61,20.290985,-26.0,10.73882943342906,0.0,0
121.63700986690267,-4.241036287856673,1.1481481,0.5254359,2.2127175,0.7994501,219,12.710343,34.0,11.233112549415235,0.0,0
121.70420385015484,-4.311643869188467,1.2248393,0.62464505,2.0579982,0.7205667,531,17.305555,-28.0,10.216784391300145,0.0,0
121.6761764132903,-4.306792966654222,1.0183947,0.45321476,2.4522574,0.8461927,419,18.396273,35.0,11.537822669746411,0.0,0
121.59928062496968,-4.22432762357205,1.0727532,0.61713666,1.9871944,0.760662,222,12.911492,9.0,11.216895825766938,0.0,0
121.62605042043644,-4.222890319117458,0.8996656,0.47375375,2.211094,0.8368708,98,19.26437,-37.0,10.795180063906791,0.0,0
121.6287453662888,-4.240676961743025,1.1993464,0.55277777,2.010101,0.77394515,147,26.349348,-57.0,9.753334561244612,0.0,0
121.60520950584484,-4.193066251684691,1.7086397,0.811488,1.5833056,0.51876783,22,0.92740995,-4.0,13.17430797560313,355.7986432417093,0
121.63754885607317,-4.230615830560886,1.0835508,0.5526316,2.3175676,0.79946846,269,2.9312263,-2.0,13.814454299242518,0.0,0
121.61868423510666,-4.213188514048968,1.670391,0.96246326,1.6873119,0.46329203,39,4.9839516,7.0,16.42473876250535,0.0,0
121.62030120261808,-4.209235926798842,1.0545723,0.50503796,2.2712603,0.8203518,100,2.0775104,-5.0,12.367407453253634,0.0,0
121.67671540246076,-4.311464206131643,0.9808219,0.4806237,2.2932167,0.8482729,417,2.9378984,-1.0,13.406609963475464,0.0,0
121.68497990307468,-4.303918357745039,1.0552148,0.4795961,2.3569002,0.8261968,478,11.600637,0.0,13.524411748528706,0.0,0
121.615270637027,-4.213907166276264,1.2359933,0.63509256,1.9533616,0.7492249,29,6.464861,6.0,16.211969201654576,0.0,0
121.68030866359724,-4.307870944995165,1.0471698,0.5297044,2.2345679,0.8224,445,7.4513516,22.0,12.183446653283942,0.0,0
121.6896511425521,-4.310206564733876,1.0788771,0.51348686,2.2294118,0.81917995,460,3.7047918,15.0,12.886478769534676,0.0,0
121.70204789347294,-4.31128454307482,1.4196941,0.65400743,2.075373,0.6826245,555,10.75509,-23.0,10.71166364318393,0.0,0
121.61796558287936,-4.223429308287931,1.0297397,0.56948227,2.329618,0.8053408,66,16.103456,40.0,14.836427982583158,0.0,0
121.61131804977688,-4.220015710208276,0.9866667,0.49731266,2.408882,0.8288523,100,7.622565,-14.0,11.06196502883932,0.0,0
121.64042346498236,-4.239419320345258,1.0894568,0.53271025,2.325,0.8135593,269,3.3466597,-1.0,15.067931902312056,0.0,0
121.6258707573796,-4.214625818503559,1.1238532,0.56275165,2.029038,0.7804332,201,4.1428823,-26.0,11.675871763378806,0.0,0
121.69665800176824,-4.306433640540574,0.9246575,0.43444008,2.4430382,0.8587866,511,9.8937645,-19.0,11.89559161222173,0.0,0
121.61024007143592,-4.215524133787678,0.9686275,0.48102984,2.327869,0.8455767,83,7.4359517,1.0,11.087044468796876,0.0,0
121.70294620875708,-4.304277683858687,1.1253012,0.48743722,2.1739595,0.7989668,533,23.805632,51.0,10.562139753024653,0.0,0
121.53927316399049,-4.272477322800856,1.0246533,0.51151496,2.3762736,0.81129396,65,13.661414,-5.0,11.563767692912068,0.0,0
121.6731221413243,-4.309128586392933,1.0948122,0.44607705,2.3725343,0.8394122,362,18.977024,16.0,10.811274179197286,0.0,0
121.68497990307468,-4.308409934165637,1.185941,0.606866,2.172448,0.7470375,448,11.724392,17.0,11.721733702563254,0.0,0
121.61419265868604,-4.202588393696358,0.8555957,0.4015544,2.340604,0.8722716,46,2.9375248,2.0,13.406873267303787,0.0,0
121.6830036094496,-4.309667575563404,1.119403,0.49497637,2.3296244,0.8371336,476,13.944559,35.0,11.136923054390229,0.0,0
121.62928435545926,-4.249121125413748,0.945,0.5192948,2.3336267,0.8000705,169,14.225823,38.0,14.335079889114697,0.0,0
121.69468170814316,-4.304277683858687,1.0233333,0.52486026,2.350461,0.8343227,509,6.5478745,-6.0,11.215387872279583,0.0,0
121.63970481275504,-4.234388754754188,1.029316,0.51182795,2.2302544,0.8230188,220,12.927935,15.0,13.355631694710222,0.0,0
121.64419638917563,-4.243012581481736,1.3255241,0.6292804,1.9689441,0.6980337,302,11.918271,-7.0,11.299476384513346,0.0,0
121.675457761063,-4.304816673029159,1.106542,0.52021396,2.240515,0.8296158,351,6.530298,23.0,12.316709476610493,0.0,0
121.6136536695156,-4.205642665662364,0.9278997,0.46501,2.2611113,0.8440874,44,9.264491,12.0,12.655822122054888,0.0,0
121.6799493374836,-4.302481053290448,1.6973684,0.8404518,1.6814972,0.5708345,415,5.8472433,9.0,12.715742555624203,0.0,0
121.63952514969824,-4.2395989834020815,1.0647482,0.49137437,2.3094594,0.84313726,268,7.2137294,7.0,11.117687376331396,0.0,0
121.541788446786,-4.2697823769484975,1.1194689,0.44807124,2.3634784,0.84601337,47,11.941025,-8.0,11.297478822092623,0.0,0
121.64293874777788,-4.235107406981484,1.143662,0.5722872,2.1083915,0.7723577,310,19.726341,-31.0,10.769532770231104,0.0,0
121.60556883195852,-4.191089958059628,1.1906312,0.89482284,1.2901816,0.4017653,20,1.3132,-5.0,14.212689811693917,429.9509917740368,0
121.64042346498236,-4.238521005061139,1.202861,0.5957414,2.099892,0.7517778,275,7.45085,13.0,12.183605056269425,0.0,0
121.62335547458407,-4.23079549361771,1.0175438,0.45645562,2.3352191,0.8244641,165,28.161232,-28.0,9.67564406485194,0.0,0
121.68084765276772,-4.30715229276787,0.96710527,0.51459116,2.381016,0.84340876,461,22.152704,9.0,9.949287176200006,0.0,0
121.5423274359565,-4.274992605596391,0.95894426,0.45893282,2.3267477,0.82145786,63,14.212855,11.0,10.423974933590864,0.0,0
121.59371107020812,-4.232592124185949,1.0012838,0.5745847,2.1593938,0.7765363,130,26.463451,66.0,9.748346377264962,480.4540376176029,0
121.64419638917563,-4.237802352833842,1.2122053,0.58058405,2.1483643,0.7575253,341,11.489469,-8.0,11.742631567823478,0.0,0
121.6325182904821,-4.237982015890666,1.1015873,0.5758944,2.125641,0.7848729,177,9.939886,32.0,13.88336640520808,0.0,0
121.68012900054045,-4.305535325256455,1.023941,0.47223464,2.4325154,0.84710574,426,15.107329,4.0,11.0533020245572,0.0,0
121.54358507735428,-4.270321366118969,1.1270627,0.50066936,2.2048635,0.79486406,53,23.280146,25.0,9.8940837303338,0.0,0
121.63952514969824,-4.237263363663371,1.1430724,0.5630912,2.1388552,0.7830189,245,16.381582,37.0,10.968188541023544,0.0,0
121.62407412681137,-4.215703796844503,1.0346457,0.49872845,2.2201257,0.8301228,130,22.648535,-30.0,10.617988333724169,0.0,0
121.64347773694836,-4.248582136243277,0.90797544,0.5002287,2.3587346,0.8344287,331,4.9938745,-8.0,12.586829090167887,0.0,0
121.62551143126596,-4.221093688549219,0.8943453,0.4979405,2.3482015,0.83202904,101,24.267447,-2.0,11.23372646742368,0.0,0
121.60916209309498,-4.215703796844503,1.0253624,0.50406253,2.2911932,0.8374964,84,19.900309,-23.0,10.066888890159158,0.0,0
121.63287761659574,-4.239778646458905,1.0972973,0.60561496,2.1443787,0.7610359,173,16.56059,38.0,10.263547783757788,0.0,0
121.61742659370888,-4.221812340776515,0.9576547,0.54942834,2.235294,0.8200734,66,11.657533,13.0,11.322261896198675,0.0,0
121.6423997586074,-4.242653255368088,1.148305,0.6067377,2.058309,0.7547881,278,11.72401,-15.0,14.68368524397456,0.0,0
121.63539289939128,-4.249121125413748,1.0554838,0.5451062,2.259431,0.76895916,261,15.417942,38.0,11.032027724484262,0.0,0
121.6190435612203,-4.2038460350941245,1.1068182,0.59137744,2.1031823,0.7667066,112,18.647095,-13.0,10.830273947134208,0.0,0
121.67455944577888,-4.30948791250658,1.0549873,0.5301783,2.2233942,0.82764024,397,9.775524,1.0,11.502384738717677,0.0,0
121.63126064908433,-4.240317635629378,1.2132131,0.55139226,2.0643501,0.7561123,155,23.56824,-24.0,15.073302222485692,0.0,0
121.68767484892705,-4.302840379404096,0.9595537,0.487895,2.3347561,0.8388004,498,11.092479,-1.0,12.471785740946656,0.0,0
121.69827496927964,-4.309667575563404,1.0270271,0.48877865,2.2746682,0.81992555,529,14.226041,-38.0,10.422963544813344,0.0,0
121.61634861536794,-4.220375036321924,1.0111941,0.5337197,2.3412943,0.8261706,100,10.137571,-23.0,10.77224162234488,0.0,0
121.62084019178856,-4.207079970116955,1.079932,0.48933798,2.32209,0.837388,115,3.8281612,-25.0,11.755145162551816,0.0,0
121.62371480069773,-4.2160631229581504,1.0056338,0.46563485,2.269821,0.8287359,112,14.984402,19.0,10.368828069281486,0.0,0
121.6242537898682,-4.214446155446735,1.0116618,0.4813836,2.4409258,0.84611976,135,17.985153,9.0,10.175841999416136,0.0,0
121.62712839877736,-4.225764928026641,0.9878788,0.46837837,2.4170153,0.83805263,147,4.149643,4.0,11.674222091528089,0.0,0
121.5956873638332,-4.231334482788182,1.136954,0.6171156,1.946632,0.72684723,148,23.536072,-3.0,10.57502778363715,238.20299220488718,0
121.5401714792746,-4.274992605596391,1.0552486,0.49008346,2.2883832,0.8186996,26,0.92999697,2.0,14.270032149156547,0.0,0
121.68264428333596,-4.310565890847524,1.2380953,0.4802163,2.256351,0.8250729,488,12.683101,17.0,10.542092769008892,0.0,0
121.54035114233145,-4.26852473555073,1.2133758,0.46875,2.1971831,0.79455376,57,23.169191,-58.0,12.096654494265987,0.0,0
121.62335547458407,-4.208337611514723,1.0272952,0.5811698,2.1670215,0.7887216,121,18.39844,9.0,10.844676487408154,0.0,0
121.61347400645876,-4.210673231253433,1.1644043,0.66631407,1.8675889,0.76043445,21,9.264548,3.0,11.557198195218987,0.0,0
121.61041973449277,-4.2103139051397855,0.90636706,0.46797875,2.340625,0.85942495,45,8.699491,0.0,10.928024961131957,0.0,0
121.67815270691536,-4.302840379404096,1.1011673,0.47972974,2.3175075,0.8400678,377,14.213149,1.0,12.033357612997582,0.0,0
121.69324440368857,-4.30948791250658,0.8819742,0.45092413,2.404418,0.8770749,490,2.6252234,0.0,16.084268418564967,0.0,0
121.60754512558356,-4.191089958059628,1.6711539,1.0479167,1.3399932,0.37683755,26,1.8593028,2.0,13.171632979189951,241.4498538062885,0
121.61509097397015,-4.201510415355414,0.92831546,0.40083817,2.4125304,0.8691093,47,3.9341216,6.0,13.807203249006688,0.0,0
121.697915643166,-4.310565890847524,1.0246085,0.4779587,2.2750473,0.83327264,527,15.653565,38.0,10.32286437693606,0.0,0
121.62299614847042,-4.215164807674031,1.1081082,0.56481016,2.2882054,0.79504657,101,7.4506826,-13.0,12.69448177331563,0.0,0
121.68462057696102,-4.301942064119976,1.123867,0.55663615,2.2680652,0.80765253,495,24.268862,-27.0,9.847262395147592,0.0,0
121.64257942166424,-4.243551570652207,1.122867,0.5105442,2.2986217,0.7987152,288,11.169903,23.0,11.366114371522908,0.0,0
121.69827496927964,-4.300504759665385,1.0207101,0.48989245,2.2569351,0.8199609,500,15.007566,-31.0,11.060248621127805,0.0,0
121.6167079414816,-4.223429308287931,0.9318841,0.52026683,2.3526683,0.801849,102,11.324464,-8.0,10.658891295321697,0.0,0
121.68677653364291,-4.304098020801863,1.0062305,0.4905149,2.364608,0.85257876,487,12.020515,-14.0,10.597456074704567,0.0,0
121.69665800176824,-4.3021217271768,1.0913107,0.54454684,2.2422519,0.7956144,494,3.8191135,-23.0,13.836836342489894,0.0,0
121.61850457204984,-4.225585264969817,0.9637681,0.5944487,2.2743363,0.813986,67,7.604544,14.0,18.492071928465357,0.0,0
121.63718952995951,-4.2471448317886855,1.141705,0.6058651,2.0889788,0.7462553,295,22.037205,-30.0,10.648294547026603,0.0,0
121.63144031214117,-4.251277082095635,1.0206795,0.5265939,2.1466296,0.7892329,229,17.462963,-8.0,10.207225975453794,0.0,0
121.63952514969824,-4.230076841390415,1.3163266,0.6261442,2.0670445,0.7427717,272,3.3466315,0.0,11.889897495004538,0.0,0
121.63736919301634,-4.241934603140792,0.9104478,0.50198054,2.2268372,0.8020766,240,15.589726,-69.0,15.600247499152813,0.0,0
121.54717833849074,-4.27445361642592,1.1120448,0.53541553,2.2247972,0.80065274,60,22.096878,-33.0,9.952122700438393,0.0,0
121.61491131091336,-4.202049404525885,0.8792453,0.41947114,2.3863246,0.8691379,47,1.313209,0.0,14.905815233957512,0.0,0
121.63503357327762,-4.233490439470069,1.1487805,0.64816713,2.072289,0.7221239,293,13.265062,4.0,10.49575778105132,0.0,0
121.63898616052776,-4.2471448317886855,0.8922156,0.4599761,2.4251966,0.8365332,327,8.498155,-5.0,10.951747850043892,0.0,0
121.69234608840443,-4.307870944995165,1.031068,0.40758654,2.463077,0.8733755,493,3.9343932,-3.0,11.727560820498594,0.0,0
121.61041973449277,-4.219656384094629,1.1274834,0.60213137,2.1214018,0.78418636,94,2.0741549,-8.0,16.76345576115221,0.0,0
121.6325182904821,-4.251456745152459,0.95708156,0.47608575,2.2804477,0.8315922,231,11.046749,16.0,10.684326633815418,0.0,0
121.6136536695156,-4.18659838163903,2.0604558,1.458933,0.95351404,0.06372439,35,7.4550138,12.0,11.084492124425704,15.071094500405726,0
121.62317581152725,-4.228100547765352,0.94520545,0.5050284,2.161572,0.81724274,104,10.392209,49.0,11.845495882581176,0.0,0
121.63377593187984,-4.243731233709031,1.0429448,0.51961106,2.2325904,0.80145985,206,2.6251104,2.0,12.133150227062906,0.0,0
121.64132178026648,-4.232412461129125,1.1029412,0.56016463,2.2167919,0.7877158,282,9.893635,-39.0,10.797086725821211,0.0,0
121.63054199685703,-4.246605842618214,0.98466253,0.46678072,2.3088858,0.8322884,232,3.8283453,16.0,12.448193977089078,0.0,0
121.612216365061,-4.187137370809501,1.4762727,1.4591196,0.8848821,0.01098263,29,1.8592936,2.0,13.171643381525586,114.50274336323174,0
121.6400641388687,-4.233310776413245,1.0156249,0.52209085,2.2861035,0.8163323,240,16.3108,25.0,10.972769473289311,0.0,0
121.61634861536794,-4.202229067582709,0.9591078,0.43153918,2.2184465,0.84978163,51,6.210778,17.0,15.16062985421525,0.0,0
121.64922695476672,-4.243551570652207,0.9419643,0.45072633,2.3719008,0.8469906,353,17.793636,-6.0,10.187240004018596,0.0,0
121.62605042043644,-4.218578405753685,0.906051,0.48768476,2.294913,0.8555288,130,1.8543341,-1.0,15.314346321740365,0.0,0
121.60952141920863,-4.219656384094629,1.0424029,0.51439637,2.2202034,0.81926787,100,7.8315845,-18.0,14.366786917750996,0.0,0
121.63718952995951,-4.251277082095635,0.92820513,0.51982886,2.3662338,0.8127747,272,2.787948,1.0,13.459162851799569,0.0,0
121.61598928925429,-4.207978285401074,1.0379747,0.49737248,2.4602447,0.8158855,56,10.732134,-17.0,10.71398345715605,0.0,0
121.64491504140294,-4.240317635629378,1.0283911,0.5537726,2.2559109,0.79969275,311,5.4030013,-2.0,13.01849113677233,0.0,0
121.6220978331863,-4.225944591083465,0.97712415,0.57894737,2.202977,0.80777884,95,18.161629,-40.0,10.858531730955857,0.0,0
121.63611155161855,-4.251816071266108,1.0041039,0.55734676,2.2471225,0.7805352,257,4.731064,-7.0,13.151975978237036,0.0,0
121.63233862742528,-4.236005722265603,1.1812499,0.53496605,2.1962447,0.7993098,210,11.091699,-9.0,13.078080500782576,0.0,0
121.53532057674036,-4.27265698585768,1.5376213,0.6716804,1.8025174,0.6598658,117,12.735838,30.0,11.231001339417793,0.0,0
121.64293874777788,-4.239958309515729,0.9530386,0.5108663,2.3458073,0.81137234,300,15.497759,-37.0,12.125229823618234,0.0,0
121.67455944577888,-4.3021217271768,1.050633,0.54283905,2.2651715,0.8100143,393,18.153708,45.0,11.957513453303712,0.0,0
121.64617268280072,-4.241395613970321,1.1015873,0.5050177,2.1851852,0.8141901,327,9.778645,13.0,11.50214506383305,0.0,0
121.61760625676573,-4.218398742696861,0.9792388,0.5524357,2.2935393,0.8252547,82,6.5302835,6.0,11.218211088369651,0.0,0
121.61760625676573,-4.22756155859488,1.1814815,0.53872997,2.2025678,0.799686,105,7.622633,-43.0,11.061946691139353,0.0,0
121.69719699093868,-4.3021217271768,1.1627359,0.5498264,2.1390696,0.7749629,493,8.68964,4.0,12.315349788291073,0.0,0
121.63988447581188,-4.241036287856673,1.0637932,0.50268626,2.28026,0.8009998,260,6.5473514,-7.0,12.824987046057846,0.0,0
121.54142912067238,-4.273016311971328,1.0,0.5164108,2.2170453,0.810254,86,14.153408,-7.0,10.428344237661252,0.0,0
121.64329807389151,-4.240676961743025,1.0328283,0.5504613,2.2987554,0.79193693,309,8.699731,6.0,10.927957032636485,0.0,0
121.63395559493668,-4.239778646458905,1.0844444,0.52281344,2.2720685,0.8002456,202,18.976349,32.0,10.118253377853828,0.0,0
121.67815270691536,-4.305714988313278,1.1300001,0.5551162,2.2505012,0.7990218,421,10.459345,-20.0,10.740201869834312,0.0,0
121.64204043249376,-4.241036287856673,1.0894737,0.53072965,2.1803484,0.7772397,282,8.510279,11.0,10.950309016119489,0.0,0
121.54574103403614,-4.27445361642592,1.0292208,0.4986807,2.290909,0.81068975,64,20.859987,-8.0,10.015497684296305,0.0,0
121.6114977128337,-4.2076189592874265,1.4202702,0.7536461,1.7953053,0.6568163,20,5.638271,19.0,11.366205895896767,0.0,0
121.61886389816348,-4.215164807674031,1.0563847,0.53756213,2.3337562,0.82965636,54,7.044045,2.0,11.14176977533346,0.0,0
121.67887135914266,-4.3093082494497565,1.0743589,0.50733525,2.183789,0.8319294,437,10.992985,19.0,10.689254073641957,0.0,0
121.68569855530195,-4.304277683858687,1.0569396,0.49222982,2.245435,0.81012255,491,22.840582,30.0,9.91532756730378,0.0,0
121.62299614847042,-4.226842906367584,0.98376626,0.5653409,2.3139534,0.805707,86,14.140905,-2.0,14.25796401149467,0.0,0
121.6912681100635,-4.305894651370102,1.1679894,0.49816933,2.2712572,0.81648135,498,8.733179,-8.0,12.022590014022477,0.0,0
121.63072165991386,-4.235107406981484,1.2260749,0.5293278,2.1451707,0.7759473,249,7.934845,-22.0,11.021297630257624,0.0,0
121.621379180959,-4.207079970116955,1.077374,0.52538604,2.210499,0.79609495,112,1.8593404,10.0,13.17159402455332,0.0,0
121.68228495722232,-4.308230271108813,1.2083898,0.5568325,2.2651083,0.77752864,475,11.490262,-25.0,10.64385638193065,0.0,0
121.6934240667454,-4.308769260279285,0.91320753,0.46648517,2.2964823,0.84784657,489,1.3133005,-3.0,16.77741596635295,0.0,0
121.6242537898682,-4.228100547765352,1.0425531,0.5535822,2.1866825,0.812824,132,13.889526,20.0,11.141141662951329,0.0,0
121.6334166057662,-4.236365048379251,0.96858644,0.5564516,2.1883495,0.78286386,226,18.834002,16.0,10.126362713507808,0.0,0
121.68120697888138,-4.312003195302115,1.0640393,0.51619476,2.2453203,0.8217454,452,13.166023,36.0,12.295183825005504,0.0,0
121.70079025207518,-4.3103862277907,0.8933934,0.4326526,2.529028,0.8754709,543,7.440783,0.0,12.18487905815996,0.0,0
121.53873417482002,-4.273195975028152,1.3195267,0.53981507,2.142012,0.7652014,65,23.90146,-10.0,10.963124124905862,0.0,0
121.63359626882304,-4.240137972572553,1.0469418,0.5206707,2.1238208,0.8076823,202,18.473646,17.0,10.147112986887803,0.0,0
121.61868423510666,-4.212290198764848,1.0662359,0.5008567,2.371873,0.8277662,61,17.956024,-2.0,10.870724016534243,0.0,0
121.63808784524365,-4.242832918424912,0.95498395,0.47708622,2.3250003,0.8155852,250,14.141165,2.0,10.42928573071733,0.0,0
121.63287761659574,-4.2480431470728055,1.249694,0.5920672,2.0867348,0.74246436,245,15.825131,17.0,11.00462351828843,0.0,0
121.6235351376409,-4.226842906367584,0.97982717,0.5686778,2.2589235,0.82316995,109,19.726154,-35.0,13.905046616152465,0.0,0
121.61796558287936,-4.212649524878496,1.0932568,0.5849683,2.06421,0.78480655,45,7.3788605,9.0,11.787990150006486,0.0,0
121.62335547458407,-4.220734362435572,1.0,0.51891714,2.329429,0.82554334,92,17.305132,0.0,10.910074055194189,0.0,0
121.6123960281178,-4.2047443503782445,0.77737224,0.48736358,2.3504155,0.88470906,31,4.6353292,-16.0,11.563128717132916,0.0,0
121.53999181621778,-4.270321366118969,1.7824819,0.9662324,1.5301757,0.2586521,105,19.652782,12.0,10.080388680327443,0.0,0
121.68084765276772,-4.3103862277907,0.9885058,0.47257105,2.3391492,0.859103,476,5.6389995,0.0,11.365945287652002,0.0,0
121.61706726759525,-4.19899513255988,1.0699708,0.5571365,2.1467733,0.8037696,71,4.1495285,3.0,12.367431140737528,0.0,0
121.69144777312032,-4.303379368574568,1.1296929,0.48218766,2.318456,0.84665275,502,4.635708,8.0,12.66153399188217,0.0,0
121.63072165991386,-4.249121125413748,1.0029941,0.5122597,2.2536442,0.80017895,198,19.204075,-18.0,11.491677884064217,0.0,0
121.70061058901835,-4.305175999142807,1.0205479,0.47202337,2.3670213,0.85352665,560,10.732289,8.0,10.713844848976478,0.0,0
121.6325182904821,-4.248941462356925,0.9679145,0.4688539,2.220397,0.81054556,239,2.9376829,-10.0,13.119080847499587,0.0,0
121.54358507735428,-4.272297659744032,1.4074074,0.61893886,1.7518647,0.7041916,86,20.439037,23.0,10.03776437697839,0.0,0
121.63449458410716,-4.252714386550227,1.017094,0.5398562,2.2575164,0.7992126,239,12.259876,18.0,11.270350037116792,0.0,0
121.6912681100635,-4.308948923336109,0.9800363,0.44665837,2.3073626,0.8609502,487,3.934396,-8.0,12.420705195712232,0.0,0
121.61652827842477,-4.2094155898556656,0.95845693,0.47316158,2.3696237,0.84045446,60,2.0775108,11.0,12.367407223529,0.0,0
121.621379180959,-4.209056263742018,1.0643642,0.5577963,2.2760885,0.81970483,91,6.464861,14.0,14.118752879618643,0.0,0
121.61545030008382,-4.209595252912489,0.94871795,0.5274356,2.267148,0.84694934,61,5.4028454,-4.0,11.4091197266101,0.0,0
121.67779338080172,-4.310565890847524,0.9723618,0.4934619,2.2769535,0.84679335,420,1.3133019,0.0,13.924780174715949,0.0,0
121.61203670200416,-4.214625818503559,0.9409594,0.443203,2.3681593,0.85332185,74,11.65748,-3.0,10.629126661023175,0.0,0
121.62371480069773,-4.223788634401578,0.96363634,0.4664567,2.4519868,0.8459302,124,9.594764,-25.0,10.828370696736192,0.0,0
121.63665054078903,-4.237802352833842,1.1126984,0.6123707,2.2022178,0.77438045,192,8.33967,4.0,15.91962525025284,0.0,0
121.69468170814316,-4.308948923336109,1.0431894,0.48631743,2.2867646,0.8487112,500,5.924212,4.0,11.31626822288125,0.0,0
121.69072912089304,-4.3093082494497565,1.0239725,0.516834,2.3584907,0.8377205,479,9.375049,11.0,11.545003716757634,0.0,0
121.70312587181388,-4.3017624010631526,1.2985075,0.6500579,2.0720222,0.7000739,466,21.15174,-6.0,11.386538289114991,0.0,0
121.62335547458407,-4.207079970116955,0.9272238,0.45699057,2.3298836,0.8394399,140,11.949174,-5.0,11.296857817541552,0.0,0
121.61329434340192,-4.184442424957143,2.57187,1.4187002,1.0030875,0.07824399,31,0.9298883,-4.0,13.171650523498537,229.22941850632293,0
121.54250709901332,-4.270501029175793,1.1098901,0.49498102,2.1932516,0.8101504,58,19.677443,-19.0,10.772176368613534,0.0,0
121.59442972243542,-4.224866612742521,0.95718664,0.5283728,2.1035156,0.81427085,172,17.832668,16.0,10.184924465993694,0.0,0
121.67473910883572,-4.307331955824694,1.0583658,0.48347226,2.4097424,0.854972,409,18.15372,12.0,10.165745767575814,0.0,0
121.6273080618342,-4.21282918793532,1.0909091,0.5477437,2.1529565,0.7956547,154,12.188711,20.0,11.27640164596522,0.0,0
121.6093417561518,-4.218578405753685,0.992674,0.40935585,2.454301,0.85013133,103,15.497401,19.0,10.33352070558259,0.0,0
121.59712466828778,-4.223788634401578,0.83032495,0.4465409,2.3932586,0.87111235,201,10.392181,-22.0,10.746892832759444,0.0,0
121.67455944577888,-4.308409934165637,1.0236688,0.5283316,2.3337195,0.8335738,413,11.91186,1.0,10.606800027603676,0.0,0
121.62066052873172,-4.226303917197113,1.3381295,0.6060888,2.1392543,0.7928154,84,5.847185,6.0,11.32955336998036,0.0,0
121.68983080560892,-4.310745553904348,1.099026,0.55720335,2.231723,0.8012623,465,8.243096,-11.0,16.558522856503618,0.0,0
121.6483286394826,-4.242473592311264,0.9123867,0.47489363,2.3478262,0.842174,368,7.893262,-3.0,11.026610555983698,0.0,0
121.61796558287936,-4.206720644003307,1.0104167,0.5487606,2.3222363,0.81688243,87,12.419932,-22.0,10.563879792991482,0.0,0
121.63593188856174,-4.2395989834020815,1.0898551,0.6185828,2.061446,0.760662,221,3.9342186,18.0,11.727691300429568,0.0,0
121.6256910943228,-4.246066853447743,1.1291138,0.6344538,2.0728617,0.7480226,130,13.151839,13.0,11.60323716169481,0.0,0
121.69090878394988,-4.311104880017996,0.96630937,0.48616603,2.2809064,0.8308764,472,5.639005,11.0,12.059089371023962,0.0,0
121.61437232174288,-4.218578405753685,1.0742049,0.5088297,2.3977432,0.83319616,67,4.1428866,13.0,14.38391455242182,0.0,0
121.61742659370888,-4.223069982174282,1.0510949,0.558906,2.232493,0.8165605,75,20.00442,21.0,10.061214625345434,0.0,0
121.6093417561518,-4.215883459901327,0.98396796,0.39821973,2.3813262,0.8662854,86,16.340225,25.0,10.277739950749158,0.0,0
121.61473164785652,-4.212290198764848,1.2940298,0.64100754,1.7803327,0.73502445,31,4.7190876,8.0,19.399097412276017,0.0,0
121.68156630499502,-4.3017624010631526,1.268,0.47498563,2.247619,0.8329381,437,10.096576,-19.0,11.46942282946192,0.0,0
121.621379180959,-4.2085172745715465,1.0602782,0.5225899,2.320767,0.8203248,96,8.242879,23.0,13.179961455798308,0.0,0
121.6393454866414,-4.238521005061139,1.2129761,0.58214235,2.1056142,0.7665264,276,17.290844,-55.0,10.91092885879378,0.0,0
121.6167079414816,-4.209235926798842,0.9936709,0.5297001,2.3581514,0.8339503,61,2.9312181,0.0,12.02272502061399,0.0,0
121.6077247886404,-4.1925272625142185,1.8061421,0.89353615,1.4053156,0.43107617,25,4.639729,-6.0,12.255338520656574,143.26744450191143,0
121.68533922918832,-4.305894651370102,0.98305094,0.5099922,2.2304199,0.8093449,462,15.788213,-21.0,11.007008377082588,0.0,0
121.60682647335628,-4.18893400137774,1.531961,0.7847999,1.3937207,0.5535912,18,2.0774672,3.0,12.367453696772571,469.77079697056956,0
121.63377593187984,-4.232771787242774,1.0895741,0.51598835,2.1913579,0.8053005,286,17.83274,-30.0,10.1849105131558,0.0,0
121.63862683441413,-4.237083700606547,1.1046729,0.49618194,2.2322628,0.82131517,225,12.217854,11.0,11.679372777778038,0.0,0
121.63718952995951,-4.243731233709031,1.166185,0.5393241,2.0631883,0.7820686,242,6.547372,12.0,12.601835812831617,0.0,0
121.53747653342224,-4.268884061664378,1.657077,0.7583628,1.8222222,0.5584177,121,5.638704,3.0,11.366050061501571,0.0,0
121.61778591982254,-4.19899513255988,1.2422535,0.64797294,1.9752833,0.7406645,76,3.7147348,9.0,11.785318694535636,0.0,0
121.63880649747092,-4.227741221651704,1.5500726,0.73330134,1.8341327,0.7084357,269,1.313231,-5.0,13.924940541200108,0.0,0
121.6242537898682,-4.210493568196609,1.0154638,0.51785713,2.2405248,0.81890607,97,6.5302825,12.0,15.522286205077652,0.0,0
121.67599675023348,-4.31128454307482,1.0141956,0.45972693,2.433687,0.85091585,415,3.828649,-18.0,11.754883534568778,0.0,0
121.61401299562922,-4.217141101299093,0.9713322,0.5309595,2.267416,0.8164728,69,7.9416757,-18.0,12.11905956047613,0.0,0
121.69504103425682,-4.301403074949505,1.0135823,0.4783634,2.3132126,0.8470603,494,15.590489,2.0,10.327121090604722,0.0,0
121.612216365061,-4.222530993003811,0.9531773,0.44502908,2.363235,0.8536961,132,14.883337,-1.0,10.375903234750316,0.0,0
121.54699867543393,-4.274812942539567,1.0297619,0.5780669,2.2187872,0.80637944,42,25.04593,-31.0,11.757435319956508,0.0,0
121.61850457204984,-4.202408730639533,1.1994919,0.6520079,1.9356301,0.7480315,91,15.526721,-24.0,10.33155505680969,0.0,0
121.63090132297069,-4.240137972572553,1.0031948,0.51792294,2.2180774,0.8096393,129,12.051036,47.0,15.956225607352437,0.0,0
121.69845463233646,-4.302301390233624,1.1413276,0.53593093,2.2150435,0.77879226,510,10.16517,16.0,12.378797267169212,0.0,0
121.59550770077637,-4.225764928026641,0.87931037,0.4748804,2.32674,0.84522,175,15.417597,-10.0,11.032081168330723,0.0,0
121.63880649747092,-4.242293929254441,0.97473997,0.51302606,2.222573,0.78649306,264,12.428563,7.0,10.563117959616422,0.0,0
